fu-han-ken sanchisei(fu-han-ken tripartite governance system)
fu-han-sanchisei is a local administration system established in the first year of the meiji era.
outline
in 1868,the constitution of 1868 was issued,which abolished courts of law(local system)set up in regions formerly under the direct management of the tokugawa shogunate after the meiji restoration,denominated regions formerly governed by jodai(chamberlain),kyoto shoshidai(kyoto deputy),and bugyo(magistrate)as "fu" and the rest of the regions as "ken," assigned chifuji "prefectural governor)to "fu" and chikenji(prefectural governor)to "ken," and allowed han(domains)to be governed by daimyo as before the meiji restoration.
after hanseki hokan(return of the lands and people to the emperor)in 1869,the tripartite local administration system was established,making han domains become also administrative divisions of the national government,and former feudal lords(daimyo)were assigned to prefectural governors.
prefectural governors were local officials appointed by the central government,and the territories of the former han areas were not "shoryo(territory)" whose ownership was approved by the shogun but "jurisdictional areas" which the governors were ordered by the central government to govern.
control of han by the central government was tightened as evidenced by the "fief system" established in 1870 to force a nation-wide unification of han organizations,and at the same time,since the financial condition of domain administration was worsened,domain governments who requested abolition of "han" appeared one after another.
in 1871,haihan-chiken(abolition of feudal domains and establishment of prefectures)finally abolished "han" domains,and the prefectural system was fully in place.
prefectures established before haihan-chiken.
*prefectures in bold face are "fu," and those with x at the end are prefectures that were present on the very date of july 14,1871,when haihan-chiken was issued.
the following regional division is based on the currently effective division.
the 4th year of keio is the first year of meiji(1868).
hokkaido and tohoku regions
hakodate-fu:established on april 24(leap month in the old lunar calendar)in 1868->abolished by establishment of the hokkaido development commissioner on july 8 in 1869(old lunar calendar)
kunohe prefecture:established on august 7(old lunar calendar)in 1869.
renamed to hachinohe prefecture on september 13(old lunar calendar)in 1869.
->relocated and renamed on september 19(old lunar calendar)in 1869 to sannohe prefecture->abolished and incorporated into esashi prefecture on november 28(old lunar calendar)in 1869.
morioka prefecture:established on july 10(old lunar calendar)in 1870.->x
esashi prefecture:established on august 7(old lunar calendar)in 1869.->x
isawa prefecture:established on august 12(old lunar calendar)in 1869.->x
tome prefecture:established on august 7(old lunar calendar)in 1869.->x
mono prefecture:established on july 20(old lunar calendar)in 1869.
->relocated and renamed to ishimaki prefecture on august 13(old lunar calendar)in 1869->abolished and incorporated to tome prefecture on september 28(old lunar calendar)in 1870
shiraishi prefecture:established on august 7(old lunar calendar)in 1869.
->relocated and renamed to kakuda prefecture on november 21(old lunar calendar)in 1869->x
sakata prefecture:established on july 26(old lunar calendar)in 1869.
->relocated and renamed to yamagata prefecture(as a result of relocation of yamagata domain)on september 28(old lunar calendar)in 1870->x
fukushima prefecture:established on july 20(old lunar calendar)in 1869.->x
wakamatsu prefecture:established on may 4(old lunar calendar)in 1869.->x
shirakawa prefecture:established on august 7(old lunar calendar)in 1869.->x
kanto region
hitachi chikenji(prefectural governor):established on june 27(old lunar calendar)in 1868.
renamed to wakamori prefecture on february 9(old lunar calendar)in 1869.->x
moka chikenji:established on june 4(old lunar calendar)in 1869.
->relocated and renamed to nikko prefecture on february 15(old lunar calendar)in 1869.->x
iwahana prefecture:established on june 17(old lunar calendar)in 1868.->x
inba prefecture:established on august 8(old lunar calendar)in 1868.
renamed to inba prefecture on january 13(old lunar calendar)in 1869.->x
kazusa awa chikenji:established on july 2(old lunar calendar)in 1868.
renamed to miyazaku prefecture on february 9(old lunar calendar)in 1869.->x
edo-fu:established on may 11(old lunar calendar)in 1868.
renamed to tokyo-fu on july 17(old lunar calendar)in 1868.->x
musashi chikenji:established on june 19(old lunar calendar)in 1868.
renamed to omiya prefecture on january 28(old lunar calendar)in 1869.
->relocated and renamed on september 29(old lunar calendar)in 1869 to urawa prefecture->x
musashi chikenji:established on june 29(old lunar calendar)in 1868.
renamed to shinagawa prefecture on february 9(old lunar calendar)in 1869.->x
musashi chikenji:established on july 10(old lunar calendar)in 1868.
renamed to kosuge prefecture on january 13(old lunar calendar)in 1869.->x
kanagawa-fu:established on june 17(old lunar calendar)in 1868.
renamed to kanagawa prefecture on september 21(old lunar calendar)in 1868.->x
chubu region
echigo-fu(primary):established on may 29(old lunar calendar)in 1868.
->renamed to niigata-fu on september 21(old lunar calendar)in 1868.
->renamed to echigo-fu secondary echigo-fu and primary niigata prefecture on february 22(old lunar calendar)in 1869->abolished and incorporated to suibara prefecture on july 27(old lunar calendar)in 1869.
echigo-fu secondary echigo-fu and primary niigata prefecture(secondary):february 8(old lunar calendar)in 1869:reestablished after being separated from niigata-fu->abolished and incorporated to suibara prefecture on july 27(old lunar calendar)in 1869.
suibara prefecture:established as an integration of echigo-fu and niigata prefecture on july 27(old lunar calendar)in 1869.
->relocated and renamed to niigata prefecture on march 7(old lunar calendar)in 1870->x
kashiwazaki prefecture(primary):established as a splinter from echigo-fu on july 27(old lunar calendar)in 1868->abolished and incorporated into niigata-fu on november 5(old lunar calendar)in 1869.
kashiwazaki prefecture(secondary):re-established after being separated from suibara prefecture on august 25(old lunar calendar)in 1869.->x
sado prefecture:established on september 2(old lunar calendar)in 1868->put under management of niigata-fu on november 5(old lunar calendar)in 1868(de facto incorporation)
released from management of echigo-fu and re-separated as sado prefecture on july 23(old lunar calendar)in 1869.->x
honpo prefecture:established on december 22(old lunar calendar)in 1870.->x
fuchu prefecture:established on september 4(old lunar calendar)in 1868->abolished and incorporated to kai-fu on october 28(old lunar calendar)in 1868.
ichikawa prefecture:established on september 4(old lunar calendar)in 1868->abolished and incorporated into kai-fu on october 28(old lunar calendar)in 1868.
isawa prefecture:established on september 4(old lunar calendar)in 1868->abolished and incorporated into kai-fu on october 28(old lunar calendar)in 1868.
kai-fu:established as a merger of fuchu prefecture,ichikawa prefecture and isawa prefecture on october 28(old lunar calendar)in 1868.
renamed to kofu prefecture on july 20(old lunar calendar)in 1869.
ina prefecture:established on august 2(old lunar calendar)in 1868.->x
nakano prefecture:established after being separated from ina prefecture on september 17(old lunar calendar)in 1870.
->relocated and renamed to nagano prefecture on june 22(old lunar calendar)in 1871->x
hida prefecture:established on may 23(old lunar calendar)in 1868.
renamed to takayama prefecture on june 2(old lunar calendar)in 1868.->x
kasamatsu prefecture:established on april 25(leap month in the old lunar calendar)in 1868.->x
nirayama prefecture:established on june 29(old lunar calendar)in 1868.->x
mikawa prefecture:established on june 9(old lunar calendar)in 1868->abolished and incorporated into ina prefecture on june 24(old lunar calendar)in 1869
kinki region
watarai-fu:established on july 6(old lunar calendar)in 1868
renamed to watarai prefecture on july 17(old lunar calendar)in 1869->x
otsu prefecture:established on april 25(leap month in the old lunar calendar)in 1868->x
kyoto-fu:established on april 24(leap month in the old lunar calendar)in 1868->x
kumihama prefecture:established on april 28(leap month in the old lunar calendar)in 1868->x
osaka prefecture:established on may 2(old lunar calendar)in 1868.->x
settsu prefecture:established on january 20(old lunar calendar)in 1869.
renamed to toyosaki prefecture on may 10(old lunar calendar)in 1868->abolished and incorporated to hyogo prefecture on august 2(old lunar calendar)in 1869.
sakai prefecture:established on june 22(old lunar calendar)in 1868.->x
kawachi prefecture:established on january 20(old lunar calendar)in 1869->abolished and incorporated into sakai prefecture on august 2(old lunar calendar)in 1869
hyogo prefecture:may 23(old lunar calendar)in 1868->x
ikuno prefecture:established after being separated from kumihama prefecture on august 10(old lunar calendar)in 1869
nara prefecture:established on may 19(old lunar calendar)in 1868.
renamed to nara-fu on july 29(old lunar calendar)in 1868.
renamed to nara prefecture on july 17(old lunar calendar)in 1869.->x
gojo prefecture:established on february 27(old lunar calendar)in 1870.->x
chugoku region
oki prefecture:established on february 25(old lunar calendar)in 1869.
->relocated and renamed to omori prefecture on august 2(old lunar calendar)in 1869
->relocated and renamed to hamada prefecture on january 9(old lunar calendar)in 1870->x
kurashiki prefecture:established on may 16(old lunar calendar)in 1868.->x
shikoku region
no prefectures established
tadotsu domain was abolished and incorporated into kurashiki prefecture on february 5(old lunar calendar)in 1871
kyushu region
nagasaki-fu:established on may 4(old lunar calendar)in 1868.
renamed to nagasaki prefecture on june 20(old lunar calendar)in 1869.->x
tomioka prefecture:established on april 25(leap month in the old lunar calendar)in 1868
->renamed to amakusa prefecture on june 10(old lunar calendar)in 1868->abolished and incorporated to nagasaki-fu on august 29(old lunar calendar)in 1868
hita prefecture:established on april 25(leap month in the old lunar calendar)in 1868->x
tomitaka prefecture:established on april 25(leap month in the old lunar calendar)in 1868->abolished and incorporated to hita prefecture on august 17(old lunar calendar)in 1868
han(domains)abolished before haihan-chiken
han(domains)abolished in the period from appointment of chihanji after hanseki-hokan to haihan-chiken
but domains that were abolished or incorporated to parent domains during this period without any appointment of chihanji(inaba-wakasa domainï¼former tottori-nitta domain,etc.)are not listed here.
morioka domain(rikuchu province)
morioka prefecture established on july 10(old lunar calendar)in 1870
kitsuregawa domain(shimotsuke province)
incorporated to nikko prefecture on july 17(old lunar calendar)in 1870
yoshi domain(kozuke province)
incorporated into iwahana prefecture on december 26(old lunar calendar)in 1869
echigo-nagaoka domain(echigo province)
incorporated into kashiwazaki prefecture on october 22(old lunar calendar)in 1870
mariyama domain(formerly tsuruga domain,echizen province)
incorporated to obama domain on september 17(old lunar calendar)in 1870
tanoguchi domain(shinano province)
separated and incorporated to nagano prefecture and ina prefecture on june 2,1871
takasu domain(mino province)
incorporated into nagoya domain on december 23(old lunar calendar)in 1870
omizo domain(omi province)
incorporated into otsu prefecture on june 3(old lunar calendar)in 1871
sayama domain(kawachi province)
incorporated to sakai prefecture on december 26(old lunar calendar)in 1869
fukumoto domain(harima province)
incorporated to tottori domain on november 23(old lunar calendar)in 1870
tsuwano domain(iwami province)
incorporated to hamada prefecture on june 25(old lunar calendar)in 1871
tokuyama domain(suo province)
incorporated to yamaguchi domain on june 19(old lunar calendar)in 1871
marugame domain(sanuki province)
marugame prefecture established on april 10(old lunar calendar)in 1871
tadotsu domain(sanuki province)incorporated to kurashiki prefecture on february 5(old lunar calendar)in 1871
han(domains)relocated or renamed before haihan-chiken
han(domains)renamed because of relocation of domain capital after appointment of chihanji(han governor)
but those that were relocated or renamed before appointment of chihanji or without appointment of chihanji are not listed here.
shiraishi domain(former morioka domain,iwaki province)
relocated on july 22(old lunar calendar)in 1869->morioka domain(rikuchu province)
moriyama domain(iwaki province)
relocated to matsukawa domain on december 24(old lunar calendar)in 1870
kubota domain(ugo province)
renamed on january 12(old lunar calendar)in 1871 to akita domain
nagatoro domain(uzen province)
relocated to oami domain(kazusa province)on november 1(old lunar calendar)in 1869
oami domain(kazusa province)
re-relocated to ryugasaki domain(hitachi province)on february 17(old lunar calendar)in 1871
yamagata domain(uzen province)
relocated to asahiyama domain(omi province)on july 17(old lunar calendar)in 1870
yatabe domain(hitachi province)
relocated to motegi domain(shimotsuke province)on february 8(old lunar calendar)in 1871
takatoku domain(shimotsuke province)
relocated to sogano domain(shimotsuke province)on march 19(old lunar calendar)in 1870
shibayama domain(former kakegawa domain,kazusa province)
relocated to matsuo domain(kazusa province)on january 13(old lunar calendar)in 1871
tsuruga domain(echizen province)
renamed on march 23(old lunar calendar)in 1870 to mariyama domain
mikami domain(omi province)
relocated on april 14(old lunar calendar)in 1870 to yoshimi domain(izumi province)
kawara domain(former kokura domain,buzen province)
relocated on december 24(old lunar calendar)in 1869 to toyotsu domain(buzen province)
han(domains)renamed upon assignment of chihanji
han(domains)renamed upon or immediately after assignment of chihanji
morioka domain(mutsu province)
chihanji assigned on june 24,1869 to shichinohe domain
shonai domain(ugo province)
chihanji assigned on june 22(old lunar calendar)in 1869 to matsumine domain
akita domain(ugo province)
chihanji assigned on february 24(old lunar calendar)in 1870.to iwasaki domain
shonai domain(uzen province)
renamed on september 13(lunar calendar)in 1869 to oizumi domain
hitachifuchu domain(hitachi province)
chihanji assigned on june 22(old lunar calendar)in 1869 to ishioka domain
awa-katsuyama domain(awa province)
chihanji assigned on june 23(old lunar calendar)in 1869 to kachiyama domain
mutsuura domain(musashi province)
chihanji assigned on june 23(old lunar calendar)in 1869 to mutsuura domain
mineyama domain(echigo province)
renamed on october 29(old lunar calendar)in 1870 to mineoka domain
itoigawa domain(echigo province)
chihanji assigned on june 24 in 1869 to kiyosaki domain
tanokuchi domain(shinano province)chihanji assigned on june 22(old lunar calendar)in 1869 to tatsuoka domain
sumpu domain(suruga province)
renamed on august 7 in 1869 to shizuoka domain
mikawa-yoshida domain(mikawa province)
renamed on august 7 in 1869 to toyohashi domain
tanba-kameyama domain(tanba province)
renamed to kameoka domain on june 19(old lunar calendar)in 1869
tango-tanabe domain(tango province)
renamed to maizuru domain on june 20(old lunar calendar)in 1869
yamato-shinjo domain(yamato province)
chihanji assigned on june 24(old lunar calendar)in 1869 to kushira domain
mimasaka-katsuyama domain(mimasaka province)
renamed on july 4(lunar calendar)in 1869 to mashima domain
bicchu-matsuyama domain(bicchu province)
renamed on november 2(old lunar calendar)in 1869 to takahashi domain
okayama domain(bicchu province)
chihanji assigned on june 25(old lunar calendar)in 1869 to kamogata domain
okayama domain(bicchu province)
chihanji assigned on january 12(old lunar calendar)in 1871 to ikusaka domain
chofu domain(nagato province)
renamed on august 7 in 1869 to toyoura domain
kokura domain(buzen province)
chihanji assigned on june 24(old lunar calendar)in 1869 to chizuka domain
tsushima-fuchu domain(tsushima province)
renamed august 7(old lunar calendar)in 1869 to izuhara domain
han(domains)that existed on the very day of haihan-chiken
the following domains existed until the very day of haihan-chiken(august 29,1871)and were replaced by "ken" (prefecture)on the same day.
regional divisions are basically arranged from north to south in line with the above prefectural divisions.
hokkaido and tohoku regions
oshima province:matsumae domain
mutsu province:domains of hirosaki,kuroishi(subdomain of hirosaki domain),tonami,shichinohe(subdomain of morioka domain;a.k.a.morioka shinden domain),and hachinohe(subdomain of morioka domain)
rikuchu province:ichinoseki domain
rikuzen province:sendai domain
ugo province:domains of kubota,iwasaki(subdomain of kubota domain),honjo,kameda,yashima,and dewa-matsuyama(subdomain of shonai domain)
uzen province:domains of shonai,shinjo,tendo and yonezawa
iwaki province:domains of soma-nakamura,iwakitaira,yunagaya,izumi,miharu and tanagura
iwashiro province:nihonmatsu domain
kanto region
hitachi province:domains of hitachi-matsuoka,mito,matsukawa,hitachi-shishido,kasama,shimodate,shimotsuma,aso,hitachi-fuchu,tsuchiura,shizuku,ushiku and oami
shimousa province:domains of yuki,koga,sekiyado,sakura,takaoka,tako,omigawa,oyumi,and sogano
kazusa province:domains of kikuma,tsurumai,tsurumaki,sakurai,kururi,iino,kokubo,sanuki,matsuo,oami,ichinomiya and otaki
awa province:domains of nagao,hanabusa,tateyama,and kachiyama
shimotsuke province:domains of otawara,kurobane,karasuyama,mogi,utsunomiya,mibu,fukiage,sano and ashikaga
kozuke province:domains of tatebayashi,isesaki,numata,maebashi,takasaki,annaka,nanokaichi,and obata
musashi province:domains of kawagoe,oshi,iwatsuki and mutsuura
sagami province:domains of odawara and ogino-yamanaka
chubu region
echigo province:domains of murakami,mitsukaichi,kurokawa,shibata,muramatsu,mineyama,yoita,shiiya,takada and itoigawa
ecchu province:toyama domain
kaga province:domains of kaga and daishoji
echizen province:domains of maruoka,fukui,echizen-katsuyama,ono and sabae
wakasa province:obama domain
shinano province:domains of iiyama,suzaka,matsushiro,ueda,komoro,iwamurata,matsumoto,suwa,takato and shinano-iida
mino province:domains of naeki,iwamura,yawata,takatomi,kano,ogaki,nomura and imao
suruga province:sumpu domain
totomi province:horie domain
mikawa province:domains of mikawa-yoshida,tahara,hanbara,nishi-ohira,okazaki,nishio,nishibata,koromo,kariya and shigehara
owari province:domains of owari and inuyama
kinki region
ise province:domains of nagashima,kuwana,komono,ise-kameyama,kobe,tsu,and hisai(subdomain of tsu domain)
shima province:toba domain
omi province:domains of asahiyama(subdomain of yamagata domain),omi-miyagawa,hikone,yamagami,nishoji,minakuchi,and zeze
yamashiro province:yodo domain
tanba province:domains of tanba-kameyama,sonobe,ayabe,yamaga,fukuchiyama,sasayama,and tanba-kaibara
tango province:domains of tango-tanabe,miyazu,and mineyama
settsu province:domains of takatsuki,asada,amagasaki and sanda
kawachi province:tannan domain
izumi province:domains of hakata,kishiwada and yoshimi
harima province:domains of akashi,ono,mikusa,himeji,hayashida,tatsuno,ako,anji,yamazaki and mikazuki
tajima province:domains of izushi,toyooka and muraoka
yamato province:domains of yagyu,koriyama,koizumi,yanagimoto,shibamura,tawaramoto,takatori and kujira
kii province:domains of kishu,kii-tanabe,and kii-shingu
chugoku region
inaba province:tottori domain
izumo province:domains of matsue,mori,and hirose
iwami province:tsuwano domain
mimasaka province:domains of tsuyama,tsuruta and mimasaka-katsuyama
bizen province:okayama domain
bicchu province:domains of kamogata,ikusaka,niwase,ashimori,asao,okada,takahashi,nariwa,and niimi
bingo province:bingo-fukuyama domain
aki province:hiroshima domain
suo province:domains of iwakuni and yamaguchi
nagato province:domains of kiyosue and toyora
shikoku region
awa province:tokushima domain
sanuki province:takamatsu domain
iyo province:domains of saijo,komatsu,imabari,iyo-matsuyama,niiya(subdomain of ozu domain),ozu,iyo-yoshida(subdomain of uwajima domain),and uwajima
tosa province:tosa domain
kyushu region
chikuzen province:domains of fukuoka and akizuki
chikugo province:domains of kurume,yanagawa,and mike
tsushima province:izuhara domain
hizen province:domains of karatsu,saga,hasunoike,ogi,kashima,hirado,fukue,omura,and shimabara
higo province:domains of kumamoto and hitoyoshi
buzen province:domains of toyotsu,chizuka and nakatsu
bungo province:domains of kitsuki,hiji,funai,saiki,usuki,oka and mori
hyuga province:domains of nobeoka,takanabe,sadowara,and obi
satsuma province:kagoshima domain
names and jurisdictions
"fu" and "ken" (prefectures)and "han" (domain)to which chihanji was assigned were basically called by the place name of their respective capital place,such as osaka-fu,shinagawa-ken,or yamaguchi-han.
but there were still many prefectures that have detached territories outside a lump of areas around their capital.
for instance,nirayama prefecture,whose capital was placed at nirayama town,izu province,(today's izunokuni city),controlled territories under direct rule of the former tokugawa shogunate(tenryo)and hatamoto-governed territories located not only in izu province but also in sagami,musashi and kai provinces.
on the other hand,in the sagami province(today's kanagawa prefecture)were located ogasawara domain and oginoyama domain that placed their capitals in sagami as well as jurisdictions of neighboring kanagawa prefecture,mutsuura domain(musashi province),nirayama prefecture(izu province),karasuyama domain(shimotsuke province,today's tochigi prefecture),and nishi-ohira domain in mikawa province(today's aichi prefecture).
such cases were found in large numbers in kanto and kinki areas where former shogunate territories,hatamoto-dominated areas and domain territories were scatteringly located.
although the national government tried to rationalize their control by exchanging and consolidating jurisdictions of fu,han and ken areas,only a part of such reform was realized until haihan-chiken,leaving almost no confusion of jurisdiction eliminated.
it was after the nation-wide reorganization of "fu" and "ken" administration units from the end of october to november(old lunar calendar)in 1871 following the haihan-chiken that a standardized jurisdictional system based on ryoseikoku(province)or gun(county)was established.
